Workbook

Sheet Assumptions
A1: Consolidated WBSO Hours — run parameters
A3: Parameter | B3: Value
A5: Hours per engineer per day | B5: 8
A6: Reporting month | B6: 2025-04
A7: Teams in scope | B7: 6
A8: Teams with WBSO hours | B8: 5
A9: Epic filter | B9: WBSO epics flagged for each team
A10: Mapping CSV | B10: epics-mapping.csv
A11: Generated by | B11: engineering-metrics / consolidated-wbso-hours
A13: Method
A14: • A weekday on which an engineer held a ticket while it was In Progress makes that ticket active for them that day.
A15: • Each engineer-day is worth at most the hours-per-day figure above, split equally across every ticket active that day.
A16: • The split denominator is ALL tickets held that day, including non-WBSO ones. Filtering to WBSO removes rows but never inflates the hours remaining — important for a subsidy claim.
A17: • An engineer working for two teams in the month is counted under each, so team capacity figures do not sum to a person-month.
A18: • Weekends are excluded. Public holidays are NOT excluded.
A19: • Hours on the Detail sheet are computed by the tool from the Jira changelog; they are inputs here, not sheet-derived. Every total above them is a formula.

Sheet Summary
A1: WBSO hours per team
A2: Hours are SUMIFS over Detail. Capacity = active engineer-days x hours-per-day (Assumptions!B5).
A4: Team | B4: Jira key | C4: Sheet | D4: Engineers | E4: WBSO epics | F4: WBSO hours | G4: Active eng-days | H4: Capacity hours | I4: WBSO share | J4: Status
A5: Pastel de Portal Team | B5: PT | C5: Pastel de Portal Team | D5: 6 | E5: 6 | F5: =SUMIFS(Detail!$G$4:$G$110,Detail!$A$4:$A$110,$A5) | G5: 125 | H5: =$G5*Assumptions!$B$5 | I5: =IFERROR($F5/$H5,0) | J5: 163.1h across 6 engineer(s)
A6: Platform Team 6 | B6: PT6 | C6: Platform Team 6 | D6: 4 | E6: 5 | F6: 0 | G6: 90 | H6: =$G6*Assumptions!$B$5 | I6: =IFERROR($F6/$H6,0) | J6: 24 ticket(s) had hours, but all 24 were filtered out as non-WBSO
A7: Team Horizon | B7: SUK | C7: Team Horizon | D7: 12 | E7: 13 | F7: =SUMIFS(Detail!$G$4:$G$110,Detail!$A$4:$A$110,$A7) | G7: 257 | H7: =$G7*Assumptions!$B$5 | I7: =IFERROR($F7/$H7,0) | J7: 88.9h across 12 engineer(s)
A8: Team Ikigai | B8: SPD | C8: Team Ikigai | D8: 11 | E8: 25 | F8: =SUMIFS(Detail!$G$4:$G$110,Detail!$A$4:$A$110,$A8) | G8: 180 | H8: =$G8*Assumptions!$B$5 | I8: =IFERROR($F8/$H8,0) | J8: 1337.8h across 11 engineer(s)
A9: Team Samba | B9: SDO | C9: Team Samba | D9: 10 | E9: 18 | F9: =SUMIFS(Detail!$G$4:$G$110,Detail!$A$4:$A$110,$A9) | G9: 184 | H9: =$G9*Assumptions!$B$5 | I9: =IFERROR($F9/$H9,0) | J9: 495.3h across 10 engineer(s)
A10: YODA | B10: YODA | C10: YODA | D10: 4 | E10: 29 | F10: =SUMIFS(Detail!$G$4:$G$110,Detail!$A$4:$A$110,$A10) | G10: 63 | H10: =$G10*Assumptions!$B$5 | I10: =IFERROR($F10/$H10,0) | J10: 421.3h across 4 engineer(s)
A12: ALL TEAMS | D12: =SUM(D5:D10) | E12: =SUM(E5:E10) | F12: =SUM(F5:F10) | G12: =SUM(G5:G10) | H12: =SUM(H5:H10) | I12: =IFERROR($F12/$H12,0)

Sheet Pastel de Portal Team
A1: Pastel de Portal Team — WBSO hours, 2025-04
A2: Pastel de Portal Team | C2: ^ SUMIFS key for this sheet; must match the Team column on Detail.
A4: Engineer | B4: Epic key | C4: Epic | D4: Hours
A5: Vitor Fernandes | B5: PT-22 | C5: PT-22 VOP Single Check | D5: =SUMIFS(Detail!$G$4:$G$110,Detail!$A$4:$A$110,$A$2,Detail!$B$4:$B$110,$A5,Detail!$C$4:$C$110,$B5)
A6: Vitor Fernandes | B6: PT-54 | C6: PT-54 VOP File Check | D6: =SUMIFS(Detail!$G$4:$G$110,Detail!$A$4:$A$110,$A$2,Detail!$B$4:$B$110,$A6,Detail!$C$4:$C$110,$B6)
A7: Rafael Santos | B7: PT-54 | C7: PT-54 VOP File Check | D7: =SUMIFS(Detail!$G$4:$G$110,Detail!$A$4:$A$110,$A$2,Detail!$B$4:$B$110,$A7,Detail!$C$4:$C$110,$B7)
A8: Joost Vos | B8: PT-22 | C8: PT-22 VOP Single Check | D8: =SUMIFS(Detail!$G$4:$G$110,Detail!$A$4:$A$110,$A$2,Detail!$B$4:$B$110,$A8,Detail!$C$4:$C$110,$B8)
A9: gustavo.palminha | B9: PT-54 | C9: PT-54 VOP File Check | D9: =SUMIFS(Detail!$G$4:$G$110,Detail!$A$4:$A$110,$A$2,Detail!$B$4:$B$110,$A9,Detail!$C$4:$C$110,$B9)
A10: alan.silva | B10: PT-22 | C10: PT-22 VOP Single Check | D10: =SUMIFS(Detail!$G$4:$G$110,Detail!$A$4:$A$110,$A$2,Detail!$B$4:$B$110,$A10,Detail!$C$4:$C$110,$B10)
C11: TEAM TOTAL | D11: =SUM(D5:D10)
A14: Per engineer
A15: Engineer | B15: WBSO hours | C15: Day equivalent | D15: Active days | E15: Capacity hours | F15: WBSO share | G15: Peak tickets/day
A16: Vitor Fernandes | B16: =SUMIFS(Detail!$G$4:$G$110,Detail!$A$4:$A$110,$A$2,Detail!$B$4:$B$110,$A16) | C16: =IFERROR($B16/Assumptions!$B$5,0) | D16: 23 | E16: =$D16*Assumptions!$B$5 | F16: =IFERROR($B16/$E16,0) | G16: 4 on 22 Apr
A17: Rafael Santos | B17: =SUMIFS(Detail!$G$4:$G$110,Detail!$A$4:$A$110,$A$2,Detail!$B$4:$B$110,$A17) | C17: =IFERROR($B17/Assumptions!$B$5,0) | D17: 17 | E17: =$D17*Assumptions!$B$5 | F17: =IFERROR($B17/$E17,0) | G17: 3 on 08 Apr
A18: Joost Vos | B18: =SUMIFS(Detail!$G$4:$G$110,Detail!$A$4:$A$110,$A$2,Detail!$B$4:$B$110,$A18) | C18: =IFERROR($B18/Assumptions!$B$5,0) | D18: 23 | E18: =$D18*Assumptions!$B$5 | F18: =IFERROR($B18/$E18,0) | G18: 6 on 22 Apr
A19: gustavo.palminha | B19: =SUMIFS(Detail!$G$4:$G$110,Detail!$A$4:$A$110,$A$2,Detail!$B$4:$B$110,$A19) | C19: =IFERROR($B19/Assumptions!$B$5,0) | D19: 23 | E19: =$D19*Assumptions!$B$5 | F19: =IFERROR($B19/$E19,0) | G19: 5 on 09 Apr
A20: alan.silva | B20: =SUMIFS(Detail!$G$4:$G$110,Detail!$A$4:$A$110,$A$2,Detail!$B$4:$B$110,$A20) | C20: =IFERROR($B20/Assumptions!$B$5,0) | D20: 23 | E20: =$D20*Assumptions!$B$5 | F20: =IFERROR($B20/$E20,0) | G20: 7 on 17 Apr
A21: TOTAL | B21: =SUM(B16:B20) | C21: =SUM(C16:C20) | D21: =SUM(D16:D20) | E21: =SUM(E16:E20) | F21: =IFERROR($B21/$E21,0)

Sheet Platform Team 6
A1: Platform Team 6 — WBSO hours, 2025-04
A2: Platform Team 6 | C2: ^ SUMIFS key for this sheet; must match the Team column on Detail.
A4: 24 ticket(s) had hours, but all 24 were filtered out as non-WBSO

Sheet Team Horizon
A1: Team Horizon — WBSO hours, 2025-04
A2: Team Horizon | C2: ^ SUMIFS key for this sheet; must match the Team column on Detail.
A4: Engineer | B4: Epic key | C4: Epic | D4: Hours
A5: Prabhukiran Narava | B5: SUK-5337 | C5: SUK-5337 VOP EDS Integration Implementation | D5: =SUMIFS(Detail!$G$4:$G$110,Detail!$A$4:$A$110,$A$2,Detail!$B$4:$B$110,$A5,Detail!$C$4:$C$110,$B5)
A6: Ryan Shepherd | B6: SUK-5337 | C6: SUK-5337 VOP EDS Integration Implementation | D6: =SUMIFS(Detail!$G$4:$G$110,Detail!$A$4:$A$110,$A$2,Detail!$B$4:$B$110,$A6,Detail!$C$4:$C$110,$B6)
A7: Sanjay Chaudhary | B7: SUK-5337 | C7: SUK-5337 VOP EDS Integration Implementation | D7: =SUMIFS(Detail!$G$4:$G$110,Detail!$A$4:$A$110,$A$2,Detail!$B$4:$B$110,$A7,Detail!$C$4:$C$110,$B7)
A8: Julian Mulder | B8: SUK-5337 | C8: SUK-5337 VOP EDS Integration Implementation | D8: =SUMIFS(Detail!$G$4:$G$110,Detail!$A$4:$A$110,$A$2,Detail!$B$4:$B$110,$A8,Detail!$C$4:$C$110,$B8)
C9: TEAM TOTAL | D9: =SUM(D5:D8)
A12: Per engineer
A13: Engineer | B13: WBSO hours | C13: Day equivalent | D13: Active days | E13: Capacity hours | F13: WBSO share | G13: Peak tickets/day
A14: Prabhukiran Narava | B14: =SUMIFS(Detail!$G$4:$G$110,Detail!$A$4:$A$110,$A$2,Detail!$B$4:$B$110,$A14) | C14: =IFERROR($B14/Assumptions!$B$5,0) | D14: 22 | E14: =$D14*Assumptions!$B$5 | F14: =IFERROR($B14/$E14,0) | G14: 4 on 14 Apr
A15: Ryan Shepherd | B15: =SUMIFS(Detail!$G$4:$G$110,Detail!$A$4:$A$110,$A$2,Detail!$B$4:$B$110,$A15) | C15: =IFERROR($B15/Assumptions!$B$5,0) | D15: 23 | E15: =$D15*Assumptions!$B$5 | F15: =IFERROR($B15/$E15,0) | G15: 4 on 03 Apr
A16: Sanjay Chaudhary | B16: =SUMIFS(Detail!$G$4:$G$110,Detail!$A$4:$A$110,$A$2,Detail!$B$4:$B$110,$A16) | C16: =IFERROR($B16/Assumptions!$B$5,0) | D16: 23 | E16: =$D16*Assumptions!$B$5 | F16: =IFERROR($B16/$E16,0) | G16: 10 on 04 Apr
A17: Julian Mulder | B17: =SUMIFS(Detail!$G$4:$G$110,Detail!$A$4:$A$110,$A$2,Detail!$B$4:$B$110,$A17) | C17: =IFERROR($B17/Assumptions!$B$5,0) | D17: 12 | E17: =$D17*Assumptions!$B$5 | F17: =IFERROR($B17/$E17,0) | G17: 3 on 10 Apr
A18: TOTAL | B18: =SUM(B14:B17) | C18: =SUM(C14:C17) | D18: =SUM(D14:D17) | E18: =SUM(E14:E17) | F18: =IFERROR($B18/$E18,0)

Sheet Team Ikigai
A1: Team Ikigai — WBSO hours, 2025-04
A2: Team Ikigai | C2: ^ SUMIFS key for this sheet; must match the Team column on Detail.
A4: Engineer | B4: Epic key | C4: Epic | D4: Hours
A5: Diego Silva | B5: SPD-2716 | C5: SPD-2716 VoP Data Hosting Interation 1 | D5: =SUMIFS(Detail!$G$4:$G$110,Detail!$A$4:$A$110,$A$2,Detail!$B$4:$B$110,$A5,Detail!$C$4:$C$110,$B5)
A6: Diego Silva | B6: SPD-2749 | C6: SPD-2749 VoP Data Hosting Ingester v1 | D6: =SUMIFS(Detail!$G$4:$G$110,Detail!$A$4:$A$110,$A$2,Detail!$B$4:$B$110,$A6,Detail!$C$4:$C$110,$B6)
A7: Elisabeth Gie | B7: SPD-2749 | C7: SPD-2749 VoP Data Hosting Ingester v1 | D7: =SUMIFS(Detail!$G$4:$G$110,Detail!$A$4:$A$110,$A$2,Detail!$B$4:$B$110,$A7,Detail!$C$4:$C$110,$B7)
A8: Sridhar Gnanasekaran | B8: SPD-2716 | C8: SPD-2716 VoP Data Hosting Interation 1 | D8: =SUMIFS(Detail!$G$4:$G$110,Detail!$A$4:$A$110,$A$2,Detail!$B$4:$B$110,$A8,Detail!$C$4:$C$110,$B8)
A9: Sridhar Gnanasekaran | B9: SPD-2724 | C9: SPD-2724 VoP Bulk Checker Iteration 1 | D9: =SUMIFS(Detail!$G$4:$G$110,Detail!$A$4:$A$110,$A$2,Detail!$B$4:$B$110,$A9,Detail!$C$4:$C$110,$B9)
A10: Gerard Veldman | B10: SPD-2724 | C10: SPD-2724 VoP Bulk Checker Iteration 1 | D10: =SUMIFS(Detail!$G$4:$G$110,Detail!$A$4:$A$110,$A$2,Detail!$B$4:$B$110,$A10,Detail!$C$4:$C$110,$B10)
A11: Gerard Veldman | B11: SPD-2749 | C11: SPD-2749 VoP Data Hosting Ingester v1 | D11: =SUMIFS(Detail!$G$4:$G$110,Detail!$A$4:$A$110,$A$2,Detail!$B$4:$B$110,$A11,Detail!$C$4:$C$110,$B11)
A12: Juanma Tastzian | B12: SPD-2716 | C12: SPD-2716 VoP Data Hosting Interation 1 | D12: =SUMIFS(Detail!$G$4:$G$110,Detail!$A$4:$A$110,$A$2,Detail!$B$4:$B$110,$A12,Detail!$C$4:$C$110,$B12)
A13: Keerthi Shankar | B13: SPD-2716 | C13: SPD-2716 VoP Data Hosting Interation 1 | D13: =SUMIFS(Detail!$G$4:$G$110,Detail!$A$4:$A$110,$A$2,Detail!$B$4:$B$110,$A13,Detail!$C$4:$C$110,$B13)
A14: Keerthi Shankar | B14: SPD-2724 | C14: SPD-2724 VoP Bulk Checker Iteration 1 | D14: =SUMIFS(Detail!$G$4:$G$110,Detail!$A$4:$A$110,$A$2,Detail!$B$4:$B$110,$A14,Detail!$C$4:$C$110,$B14)
A15: Keerthi Shankar | B15: SPD-2834 | C15: SPD-2834 VoP Data Hosting Iteration 2 | D15: =SUMIFS(Detail!$G$4:$G$110,Detail!$A$4:$A$110,$A$2,Detail!$B$4:$B$110,$A15,Detail!$C$4:$C$110,$B15)
A16: Manali Shah | B16: SPD-2716 | C16: SPD-2716 VoP Data Hosting Interation 1 | D16: =SUMIFS(Detail!$G$4:$G$110,Detail!$A$4:$A$110,$A$2,Detail!$B$4:$B$110,$A16,Detail!$C$4:$C$110,$B16)
... A22: Alba de Francisco Diaz | B22: SPD-2716 | C22: SPD-2716 VoP Data Hosting Interation 1 | D22: =SUMIFS(Detail!$G$4:$G$110,Detail!$A$4:$A$110,$A$2,Detail!$B$4:$B$110,$A22,Detail!$C$4:$C$110,$B22)
C23: TEAM TOTAL | D23: =SUM(D5:D22)
A26: Per engineer
A27: Engineer | B27: WBSO hours | C27: Day equivalent | D27: Active days | E27: Capacity hours | F27: WBSO share | G27: Peak tickets/day
A28: Diego Silva | B28: =SUMIFS(Detail!$G$4:$G$110,Detail!$A$4:$A$110,$A$2,Detail!$B$4:$B$110,$A28) | C28: =IFERROR($B28/Assumptions!$B$5,0) | D28: 23 | E28: =$D28*Assumptions!$B$5 | F28: =IFERROR($B28/$E28,0) | G28: 6 on 02 Apr
A29: Elisabeth Gie | B29: =SUMIFS(Detail!$G$4:$G$110,Detail!$A$4:$A$110,$A$2,Detail!$B$4:$B$110,$A29) | C29: =IFERROR($B29/Assumptions!$B$5,0) | D29: 22 | E29: =$D29*Assumptions!$B$5 | F29: =IFERROR($B29/$E29,0) | G29: 1 on 01 Apr
A30: Sridhar Gnanasekaran | B30: =SUMIFS(Detail!$G$4:$G$110,Detail!$A$4:$A$110,$A$2,Detail!$B$4:$B$110,$A30) | C30: =IFERROR($B30/Assumptions!$B$5,0) | D30: 22 | E30: =$D30*Assumptions!$B$5 | F30: =IFERROR($B30/$E30,0) | G30: 3 on 14 Apr
A31: Gerard Veldman | B31: =SUMIFS(Detail!$G$4:$G$110,Detail!$A$4:$A$110,$A$2,Detail!$B$4:$B$110,$A31) | C31: =IFERROR($B31/Assumptions!$B$5,0) | D31: 23 | E31: =$D31*Assumptions!$B$5 | F31: =IFERROR($B31/$E31,0) | G31: 5 on 22 Apr
A32: Juanma Tastzian | B32: =SUMIFS(Detail!$G$4:$G$110,Detail!$A$4:$A$110,$A$2,Detail!$B$4:$B$110,$A32) | C32: =IFERROR($B32/Assumptions!$B$5,0) | D32: 19 | E32: =$D32*Assumptions!$B$5 | F32: =IFERROR($B32/$E32,0) | G32: 3 on 14 Apr
A33: Keerthi Shankar | B33: =SUMIFS(Detail!$G$4:$G$110,Detail!$A$4:$A$110,$A$2,Detail!$B$4:$B$110,$A33) | C33: =IFERROR($B33/Assumptions!$B$5,0) | D33: 18 | E33: =$D33*Assumptions!$B$5 | F33: =IFERROR($B33/$E33,0) | G33: 4 on 24 Apr
A34: Manali Shah | B34: =SUMIFS(Detail!$G$4:$G$110,Detail!$A$4:$A$110,$A$2,Detail!$B$4:$B$110,$A34) | C34: =IFERROR($B34/Assumptions!$B$5,0) | D34: 16 | E34: =$D34*Assumptions!$B$5 | F34: =IFERROR($B34/$E34,0) | G34: 3 on 23 Apr
A35: Chaitanya Sagi | B35: =SUMIFS(Detail!$G$4:$G$110,Detail!$A$4:$A$110,$A$2,Detail!$B$4:$B$110,$A35) | C35: =IFERROR($B35/Assumptions!$B$5,0) | D35: 23 | E35: =$D35*Assumptions!$B$5 | F35: =IFERROR($B35/$E35,0) | G35: 7 on 07 Apr
A36: borys.rudenko | B36: =SUMIFS(Detail!$G$4:$G$110,Detail!$A$4:$A$110,$A$2,Detail!$B$4:$B$110,$A36) | C36: =IFERROR($B36/Assumptions!$B$5,0) | D36: 8 | E36: =$D36*Assumptions!$B$5 | F36: =IFERROR($B36/$E36,0) | G36: 1 on 22 Apr
A37: Ina Nichitean | B37: =SUMIFS(Detail!$G$4:$G$110,Detail!$A$4:$A$110,$A$2,Detail!$B$4:$B$110,$A37) | C37: =IFERROR($B37/Assumptions!$B$5,0) | D37: 5 | E37: =$D37*Assumptions!$B$5 | F37: =IFERROR($B37/$E37,0) | G37: 1 on 01 Apr
A38: Alba de Francisco Diaz | B38: =SUMIFS(Detail!$G$4:$G$110,Detail!$A$4:$A$110,$A$2,Detail!$B$4:$B$110,$A38) | C38: =IFERROR($B38/Assumptions!$B$5,0) | D38: 1 | E38: =$D38*Assumptions!$B$5 | F38: =IFERROR($B38/$E38,0) | G38: 1 on 03 Apr
A39: TOTAL | B39: =SUM(B28:B38) | C39: =SUM(C28:C38) | D39: =SUM(D28:D38) | E39: =SUM(E28:E38) | F39: =IFERROR($B39/$E39,0)

Sheet Team Samba
A1: Team Samba — WBSO hours, 2025-04
A2: Team Samba | C2: ^ SUMIFS key for this sheet; must match the Team column on Detail.
A4: Engineer | B4: Epic key | C4: Epic | D4: Hours
A5: Orwa Badran | B5: SDO-6876 | C5: SDO-6876 VoP Gateway solution | D5: =SUMIFS(Detail!$G$4:$G$110,Detail!$A$4:$A$110,$A$2,Detail!$B$4:$B$110,$A5,Detail!$C$4:$C$110,$B5)
A6: Orwa Badran | B6: SDO-7209 | C6: SDO-7209 VoP Data Provisioning | D6: =SUMIFS(Detail!$G$4:$G$110,Detail!$A$4:$A$110,$A$2,Detail!$B$4:$B$110,$A6,Detail!$C$4:$C$110,$B6)
A7: Ismail Kuyu | B7: SDO-6876 | C7: SDO-6876 VoP Gateway solution | D7: =SUMIFS(Detail!$G$4:$G$110,Detail!$A$4:$A$110,$A$2,Detail!$B$4:$B$110,$A7,Detail!$C$4:$C$110,$B7)
A8: Ismail Kuyu | B8: SDO-7144 | C8: SDO-7144 VoP Bank API extended | D8: =SUMIFS(Detail!$G$4:$G$110,Detail!$A$4:$A$110,$A$2,Detail!$B$4:$B$110,$A8,Detail!$C$4:$C$110,$B8)
A9: Ismail Kuyu | B9: SDO-7209 | C9: SDO-7209 VoP Data Provisioning | D9: =SUMIFS(Detail!$G$4:$G$110,Detail!$A$4:$A$110,$A$2,Detail!$B$4:$B$110,$A9,Detail!$C$4:$C$110,$B9)
A10: Adorjan Fritz | B10: SDO-5021 | C10: SDO-5021 Service Improvements | D10: =SUMIFS(Detail!$G$4:$G$110,Detail!$A$4:$A$110,$A$2,Detail!$B$4:$B$110,$A10,Detail!$C$4:$C$110,$B10)
A11: Adorjan Fritz | B11: SDO-6876 | C11: SDO-6876 VoP Gateway solution | D11: =SUMIFS(Detail!$G$4:$G$110,Detail!$A$4:$A$110,$A$2,Detail!$B$4:$B$110,$A11,Detail!$C$4:$C$110,$B11)
A12: Sandhya Pai | B12: SDO-6876 | C12: SDO-6876 VoP Gateway solution | D12: =SUMIFS(Detail!$G$4:$G$110,Detail!$A$4:$A$110,$A$2,Detail!$B$4:$B$110,$A12,Detail!$C$4:$C$110,$B12)
A13: Sandhya Pai | B13: SDO-7438 | C13: SDO-7438 VOP Gateway - Enhancements | D13: =SUMIFS(Detail!$G$4:$G$110,Detail!$A$4:$A$110,$A$2,Detail!$B$4:$B$110,$A13,Detail!$C$4:$C$110,$B13)
A14: Ioannis Argyroulis | B14: SDO-5021 | C14: SDO-5021 Service Improvements | D14: =SUMIFS(Detail!$G$4:$G$110,Detail!$A$4:$A$110,$A$2,Detail!$B$4:$B$110,$A14,Detail!$C$4:$C$110,$B14)
A15: Ioannis Argyroulis | B15: SDO-6876 | C15: SDO-6876 VoP Gateway solution | D15: =SUMIFS(Detail!$G$4:$G$110,Detail!$A$4:$A$110,$A$2,Detail!$B$4:$B$110,$A15,Detail!$C$4:$C$110,$B15)
A16: Ioannis Argyroulis | B16: SDO-7209 | C16: SDO-7209 VoP Data Provisioning | D16: =SUMIFS(Detail!$G$4:$G$110,Detail!$A$4:$A$110,$A$2,Detail!$B$4:$B$110,$A16,Detail!$C$4:$C$110,$B16)
... A23: Sheik Farzand Razi | B23: SDO-7209 | C23: SDO-7209 VoP Data Provisioning | D23: =SUMIFS(Detail!$G$4:$G$110,Detail!$A$4:$A$110,$A$2,Detail!$B$4:$B$110,$A23,Detail!$C$4:$C$110,$B23)
C24: TEAM TOTAL | D24: =SUM(D5:D23)
A27: Per engineer
A28: Engineer | B28: WBSO hours | C28: Day equivalent | D28: Active days | E28: Capacity hours | F28: WBSO share | G28: Peak tickets/day
A29: Orwa Badran | B29: =SUMIFS(Detail!$G$4:$G$110,Detail!$A$4:$A$110,$A$2,Detail!$B$4:$B$110,$A29) | C29: =IFERROR($B29/Assumptions!$B$5,0) | D29: 23 | E29: =$D29*Assumptions!$B$5 | F29: =IFERROR($B29/$E29,0) | G29: 5 on 01 Apr
A30: Ismail Kuyu | B30: =SUMIFS(Detail!$G$4:$G$110,Detail!$A$4:$A$110,$A$2,Detail!$B$4:$B$110,$A30) | C30: =IFERROR($B30/Assumptions!$B$5,0) | D30: 22 | E30: =$D30*Assumptions!$B$5 | F30: =IFERROR($B30/$E30,0) | G30: 6 on 14 Apr
A31: Adorjan Fritz | B31: =SUMIFS(Detail!$G$4:$G$110,Detail!$A$4:$A$110,$A$2,Detail!$B$4:$B$110,$A31) | C31: =IFERROR($B31/Assumptions!$B$5,0) | D31: 22 | E31: =$D31*Assumptions!$B$5 | F31: =IFERROR($B31/$E31,0) | G31: 6 on 24 Apr
A32: Sandhya Pai | B32: =SUMIFS(Detail!$G$4:$G$110,Detail!$A$4:$A$110,$A$2,Detail!$B$4:$B$110,$A32) | C32: =IFERROR($B32/Assumptions!$B$5,0) | D32: 22 | E32: =$D32*Assumptions!$B$5 | F32: =IFERROR($B32/$E32,0) | G32: 3 on 01 Apr
A33: Ioannis Argyroulis | B33: =SUMIFS(Detail!$G$4:$G$110,Detail!$A$4:$A$110,$A$2,Detail!$B$4:$B$110,$A33) | C33: =IFERROR($B33/Assumptions!$B$5,0) | D33: 12 | E33: =$D33*Assumptions!$B$5 | F33: =IFERROR($B33/$E33,0) | G33: 5 on 01 Apr
A34: Muhammad Sulaiman | B34: =SUMIFS(Detail!$G$4:$G$110,Detail!$A$4:$A$110,$A$2,Detail!$B$4:$B$110,$A34) | C34: =IFERROR($B34/Assumptions!$B$5,0) | D34: 22 | E34: =$D34*Assumptions!$B$5 | F34: =IFERROR($B34/$E34,0) | G34: 3 on 28 Apr
A35: Rachel Guzman V | B35: =SUMIFS(Detail!$G$4:$G$110,Detail!$A$4:$A$110,$A$2,Detail!$B$4:$B$110,$A35) | C35: =IFERROR($B35/Assumptions!$B$5,0) | D35: 5 | E35: =$D35*Assumptions!$B$5 | F35: =IFERROR($B35/$E35,0) | G35: 1 on 01 Apr
A36: Jay Pavlenko | B36: =SUMIFS(Detail!$G$4:$G$110,Detail!$A$4:$A$110,$A$2,Detail!$B$4:$B$110,$A36) | C36: =IFERROR($B36/Assumptions!$B$5,0) | D36: 16 | E36: =$D36*Assumptions!$B$5 | F36: =IFERROR($B36/$E36,0) | G36: 3 on 18 Apr
A37: Sheik Farzand Razi | B37: =SUMIFS(Detail!$G$4:$G$110,Detail!$A$4:$A$110,$A$2,Detail!$B$4:$B$110,$A37) | C37: =IFERROR($B37/Assumptions!$B$5,0) | D37: 20 | E37: =$D37*Assumptions!$B$5 | F37: =IFERROR($B37/$E37,0) | G37: 4 on 23 Apr
A38: TOTAL | B38: =SUM(B29:B37) | C38: =SUM(C29:C37) | D38: =SUM(D29:D37) | E38: =SUM(E29:E37) | F38: =IFERROR($B38/$E38,0)

Sheet YODA
A1: YODA — WBSO hours, 2025-04
A2: YODA | C2: ^ SUMIFS key for this sheet; must match the Team column on Detail.
A4: Engineer | B4: Epic key | C4: Epic | D4: Hours
A5: Richard Oliver | B5: YODA-1338 | C5: YODA-1338 Auditing & Dashboard POCs | D5: =SUMIFS(Detail!$G$4:$G$110,Detail!$A$4:$A$110,$A$2,Detail!$B$4:$B$110,$A5,Detail!$C$4:$C$110,$B5)
A6: Richard Oliver | B6: YODA-1430 | C6: YODA-1430 [Audit] Roll out | D6: =SUMIFS(Detail!$G$4:$G$110,Detail!$A$4:$A$110,$A$2,Detail!$B$4:$B$110,$A6,Detail!$C$4:$C$110,$B6)
A7: Parth Mewada | B7: YODA-1430 | C7: YODA-1430 [Audit] Roll out | D7: =SUMIFS(Detail!$G$4:$G$110,Detail!$A$4:$A$110,$A$2,Detail!$B$4:$B$110,$A7,Detail!$C$4:$C$110,$B7)
A8: Ramseshu Ghanta | B8: YODA-1046 | C8: YODA-1046 OPA - JPM V1 | D8: =SUMIFS(Detail!$G$4:$G$110,Detail!$A$4:$A$110,$A$2,Detail!$B$4:$B$110,$A8,Detail!$C$4:$C$110,$B8)
A9: Ramseshu Ghanta | B9: YODA-1430 | C9: YODA-1430 [Audit] Roll out | D9: =SUMIFS(Detail!$G$4:$G$110,Detail!$A$4:$A$110,$A$2,Detail!$B$4:$B$110,$A9,Detail!$C$4:$C$110,$B9)
A10: Mark Moorcroft | B10: YODA-1046 | C10: YODA-1046 OPA - JPM V1 | D10: =SUMIFS(Detail!$G$4:$G$110,Detail!$A$4:$A$110,$A$2,Detail!$B$4:$B$110,$A10,Detail!$C$4:$C$110,$B10)
A11: Mark Moorcroft | B11: YODA-1430 | C11: YODA-1430 [Audit] Roll out | D11: =SUMIFS(Detail!$G$4:$G$110,Detail!$A$4:$A$110,$A$2,Detail!$B$4:$B$110,$A11,Detail!$C$4:$C$110,$B11)
C12: TEAM TOTAL | D12: =SUM(D5:D11)
A15: Per engineer
A16: Engineer | B16: WBSO hours | C16: Day equivalent | D16: Active days | E16: Capacity hours | F16: WBSO share | G16: Peak tickets/day
A17: Richard Oliver | B17: =SUMIFS(Detail!$G$4:$G$110,Detail!$A$4:$A$110,$A$2,Detail!$B$4:$B$110,$A17) | C17: =IFERROR($B17/Assumptions!$B$5,0) | D17: 23 | E17: =$D17*Assumptions!$B$5 | F17: =IFERROR($B17/$E17,0) | G17: 2 on 01 Apr
A18: Parth Mewada | B18: =SUMIFS(Detail!$G$4:$G$110,Detail!$A$4:$A$110,$A$2,Detail!$B$4:$B$110,$A18) | C18: =IFERROR($B18/Assumptions!$B$5,0) | D18: 12 | E18: =$D18*Assumptions!$B$5 | F18: =IFERROR($B18/$E18,0) | G18: 2 on 22 Apr
A19: Ramseshu Ghanta | B19: =SUMIFS(Detail!$G$4:$G$110,Detail!$A$4:$A$110,$A$2,Detail!$B$4:$B$110,$A19) | C19: =IFERROR($B19/Assumptions!$B$5,0) | D19: 12 | E19: =$D19*Assumptions!$B$5 | F19: =IFERROR($B19/$E19,0) | G19: 3 on 04 Apr
A20: Mark Moorcroft | B20: =SUMIFS(Detail!$G$4:$G$110,Detail!$A$4:$A$110,$A$2,Detail!$B$4:$B$110,$A20) | C20: =IFERROR($B20/Assumptions!$B$5,0) | D20: 16 | E20: =$D20*Assumptions!$B$5 | F20: =IFERROR($B20/$E20,0) | G20: 2 on 29 Apr
A21: TOTAL | B21: =SUM(B17:B20) | C21: =SUM(C17:C20) | D21: =SUM(D17:D20) | E21: =SUM(E17:E20) | F21: =IFERROR($B21/$E21,0)

Sheet Detail
A1: Per-ticket WBSO hours across every team (input data from Jira)
A3: Team | B3: Engineer | C3: Epic key | D3: Epic | E3: Ticket | F3: Ticket summary | G3: Hours
A4: Pastel de Portal Team | B4: Vitor Fernandes | C4: PT-22 | D4: PT-22 VOP Single Check | E4: PT-145 | F4: Add additional identifiers | G4: 26
A5: Pastel de Portal Team | B5: Vitor Fernandes | C5: PT-54 | D5: PT-54 VOP File Check | E5: PT-165 | F5: Upload File - BFF - API Integration | G5: 26.6667
A6: Pastel de Portal Team | B6: Vitor Fernandes | C6: PT-54 | D6: PT-54 VOP File Check | E6: PT-163 | F6: Get Tasks BFF - API Integration | G6: 8.6667
A7: Pastel de Portal Team | B7: Rafael Santos | C7: PT-54 | D7: PT-54 VOP File Check | E7: PT-162 | F7: File upload List Screen - FE | G7: 36
A8: Pastel de Portal Team | B8: Rafael Santos | C8: PT-54 | D8: PT-54 VOP File Check | E8: PT-164 | F8: Upload File Screen - FE | G8: 12
A9: Pastel de Portal Team | B9: Rafael Santos | C9: PT-54 | D9: PT-54 VOP File Check | E9: PT-167 | F9: Download File - FE | G9: 8
A10: Pastel de Portal Team | B10: Joost Vos | C10: PT-22 | D10: PT-22 VOP Single Check | E10: PT-23 | F10: Redesign VOP Messages | G10: 33.3333
A11: Pastel de Portal Team | B11: gustavo.palminha | C11: PT-54 | D11: PT-54 VOP File Check | E11: PT-166 | F11: Download File - BFF - API Integration | G11: 8
A12: Pastel de Portal Team | B12: gustavo.palminha | C12: PT-54 | D12: PT-54 VOP File Check | E12: PT-164 | F12: Upload File Screen - FE | G12: 2
A13: Pastel de Portal Team | B13: alan.silva | C13: PT-22 | D13: PT-22 VOP Single Check | E13: PT-145 | F13: Add additional identifiers | G13: 2.4762
A14: Team Horizon | B14: Prabhukiran Narava | C14: SUK-5337 | D14: SUK-5337 VOP EDS Integration Implementation | E14: SUK-5342 | F14: VOP EDS Integration Design & Discovery - Refi | G14: 30.6667
A15: Team Horizon | B15: Prabhukiran Narava | C15: SUK-5337 | D15: SUK-5337 VOP EDS Integration Implementation | E15: SUK-5338 | F15: Lambda Integration with EDS for VOP Responder | G15: 2.6667
... A110: YODA | B110: Mark Moorcroft | C110: YODA-1430 | D110: YODA-1430 [Audit] Roll out | E110: YODA-1445 | F110: Create new AWS role and role mapping for conf | G110: 44
F112: TOTAL | G112: =SUM(G4:G110)

Sheet Diagnostics
A1: Mapping and scope issues found during this run
A3: Team | B3: Epic key | C3: Issue | D3: Example ticket | E3: Action
A4: Pastel de Portal Team | B4: PT-57 | C4: Absent from the mapping CSV entirely | D4: PT-90 | E4: Treated as non-WBSO. Add a row to the CSV if it should count.
A5: Team Horizon | B5: SUK-1438 | C5: Absent from the mapping CSV entirely | D5: SUK-1557 | E5: Treated as non-WBSO. Add a row to the CSV if it should count.
A6: Team Horizon | B6: SUK-2339 | C6: Absent from the mapping CSV entirely | D6: SUK-3511 | E6: Treated as non-WBSO. Add a row to the CSV if it should count.
A7: Team Horizon | B7: SUK-4741 | C7: Absent from the mapping CSV entirely | D7: SUK-4751 | E7: Treated as non-WBSO. Add a row to the CSV if it should count.
A8: Team Horizon | B8: SUK-6072 | C8: Absent from the mapping CSV entirely | D8: SUK-2977 | E8: Treated as non-WBSO. Add a row to the CSV if it should count.
A9: Team Horizon | B9: SUK-6076 | C9: Absent from the mapping CSV entirely | D9: SUK-5097 | E9: Treated as non-WBSO. Add a row to the CSV if it should count.
A10: Team Samba | B10: SDO-8170 | C10: Absent from the mapping CSV entirely | D10: SDO-7265 | E10: Treated as non-WBSO. Add a row to the CSV if it should count.
A11: Team Samba | B11: SDO-8305 | C11: Absent from the mapping CSV entirely | D11: SDO-5879 | E11: Treated as non-WBSO. Add a row to the CSV if it should count.
